1,Christophorus,Tofpik,"52 Corben Hill",994-778-0029
2,Tasia,Olensby,"567 Mariners Cove Junction",526-579-7503
3,Rip,Bissex,"930 Manufacturers Circle",797-929-1406
4,Zola,FitzGeorge,"12678 Bartelt Avenue",774-495-9065
5,Monroe,Bastistini,"88 Lakeland Drive",520-272-6228
6,Tibold,Jancar,"408 Blue Bill Park Lane",181-951-6284
7,Brenna,Wimp,"667 Jenna Crossing",428-503-7273
8,Arlana,Orthmann,"0562 Maple Wood Place",221-356-9289
9,Phaedra,Shimoni,"1 Gina Trail",406-531-5463
10,Padgett,Sorrel,"387 Mendota Circle",953-253-8235
11,Kennedy,Haggleton,"17036 Superior Parkway",277-360-8961
12,Hildy,Hoofe,"81616 Orin Court",514-745-7195
13,Annaliese,Curnick,"747 Ruskin Way",392-632-8846
14,Thorvald,Spilling,"902 Elgar Lane",930-427-0166
15,Huey,O'Malley,"0 Welch Alley",932-883-2913
16,"Nguyễn văn a",62th2,HN,01234
17,"Nguyễn văn b",Hn2,HN2,0123123123
18,"Nguyễn Văn C",62th2,"Hoang mai",12312312
